323;Elena;Cattaneo;CattaneoElena@gmail.com;mErHD
324;Mario;Monti;MontiMario@gmail.com;ydeaq
325;Giorgio;Napolitano;NapolitanoGiorgio@gmail.com;1pcKX
326;Renzo;Piano;PianoRenzo@gmail.com;dea7d
327;Carlo;Rubbia;RubbiaCarlo@gmail.com;pZtFE
328;Liliana;Segre;SegreLiliana@gmail.com;Wi5dI
