1;vano;van;vanella@gmail.com;vanella!!!
2;Rosa Silvana;Abate;AbateRosaSilvana@gmail.com;rQWLK
3;Rossella;Accoto;AccotoRossella@gmail.com;HFbe2
4;Donatella;Agostinelli;AgostinelliDonatella@gmail.com;IFV23
5;Enrico;Aimi;AimiEnrico@gmail.com;bi4WX
6;Alberto;Airola;AirolaAlberto@gmail.com;2mqnN
7;Maria Elisabetta;Alberti Casellati;AlbertiCasellatiMariaElisabetta@gmail.com;NhppJ
8;Francesca;Alderisi;AlderisiFrancesca@gmail.com;QotSK
9;Valeria;Alessandrini;AlessandriniValeria@gmail.com;r6PEq
10;Alessandro;Alfieri;AlfieriAlessandro@gmail.com;kp1mo
11;Cristiano;Anastasi;AnastasiCristiano@gmail.com;LRiyS
12;Luisa;Angrisani;AngrisaniLuisa@gmail.com;kV8aE
13;Paolo;Arrigoni;ArrigoniPaolo@gmail.com;3QeQv
14;Bruno;Astorre;AstorreBruno@gmail.com;0abQK
15;Giuseppe;Auddino;AuddinoGiuseppe@gmail.com;Z0Q4f
16;Luigi;Augussori;AugussoriLuigi@gmail.com;Ij8C1
17;Alberto;Bagnai;BagnaiAlberto@gmail.com;o5crd
18;Alberto;Balboni;BalboniAlberto@gmail.com;GyTSm
19;Alberto;Barachini;BarachiniAlberto@gmail.com;0FuHj
20;Claudio;Barbaro;BarbaroClaudio@gmail.com;JwhrE
21;Antonio;Barboni;BarboniAntonio@gmail.com;HiVgZ
22;Francesco;Battistoni;BattistoniFrancesco@gmail.com;FxXcn
23;Teresa;Bellanova;BellanovaTeresa@gmail.com;iO1YY
24;Roberto;Berardi;BerardiRoberto@gmail.com;nbfUM
25;Giorgio Maria;Bergesio;BergesioGiorgioMaria@gmail.com;xXjOS
26;Anna Maria;Bernini;BerniniAnnaMaria@gmail.com;yYjbu
27;Massimo Vittorio;Berutti;BeruttiMassimoVittorio@gmail.com;3Waze
28;Sandro Mario;Biasotti;BiasottiSandroMario@gmail.com;GIDlh
29;Paola;Binetti;BinettiPaola@gmail.com;NmYlv
30;Caterina;Bini;BiniCaterina@gmail.com;YMBFj
31;Caterina;Biti;BitiCaterina@gmail.com;asxhN
32;Paola;Boldrini;BoldriniPaola@gmail.com;Kfocc
33;Giulia;Bongiorno;BongiornoGiulia@gmail.com;QVZHY
34;Francesco;Bonifazi;BonifaziFrancesco@gmail.com;7X6s1
35;Emma;Bonino;BoninoEmma@gmail.com;CBxHQ
36;Stefano;Borghesi;BorghesiStefano@gmail.com;lrBYv
37;Lucia;Borgonzoni;BorgonzoniLucia@gmail.com;BWIfl
38;Umberto;Bossi;BossiUmberto@gmail.com;fCMtI
39;Simone;Bossi;BossiSimone@gmail.com;ZWlJg
40;Laura;Bottici;BotticiLaura@gmail.com;5AAxh
41;Elena;Botto;BottoElena@gmail.com;uHFS1
42;Gianclaudio;Bressa;BressaGianclaudio@gmail.com;iT4Jq
43;Luca;Briziarelli;BriziarelliLuca@gmail.com;iD1B9
44;Francesco;Bruzzone;BruzzoneFrancesco@gmail.com;3Zzc3
45;Maurizio;Buccarella;BuccarellaMaurizio@gmail.com;5aOva
46;Nicola;Calandrini;CalandriniNicola@gmail.com;EiLyY
47;Roberto;Calderoli;CalderoliRoberto@gmail.com;2FFed
48;Giacomo;Caliendo;CaliendoGiacomo@gmail.com;1yaIO
49;Fulvia Michela;Caligiuri;CaligiuriFulviaMichela@gmail.com;ftfzm
50;Antonella;Campagna;CampagnaAntonella@gmail.com;7Iv5o
51;Maurizio;Campari;CampariMaurizio@gmail.com;r0Vyf
52;Stefano;Candiani;CandianiStefano@gmail.com;CM6sp
53;Massimo;Candura;CanduraMassimo@gmail.com;W9JEw
54;Andrea;Cangini;CanginiAndrea@gmail.com;gU54M
55;Maria Cristina;Cantu';Cantu'MariaCristina@gmail.com;BWhC3
56;Vincenzo;Carbone;CarboneVincenzo@gmail.com;NEZOu
57;Adriano;Cario;CarioAdriano@gmail.com;jaLSU
58;Pier Ferdinando;Casini;CasiniPierFerdinando@gmail.com;yEZTx
59;Marzia;Casolati;CasolatiMarzia@gmail.com;UGTLz
60;Gianluca;Castaldi;CastaldiGianluca@gmail.com;B7ti0
61;Maria Domenica;Castellone;CastelloneMariaDomenica@gmail.com;Jke2V
62;Francesco;Castiello;CastielloFrancesco@gmail.com;G2mgh
63;Nunzia;Catalfo;CatalfoNunzia@gmail.com;YaSkQ
64;Elena;Cattaneo;CattaneoElena@gmail.com;ycKrc
65;Andrea;Causin;CausinAndrea@gmail.com;bmHMl
66;Gian Marco;Centinaio;CentinaioGianMarco@gmail.com;tHWXl
67;Tommaso;Cerno;CernoTommaso@gmail.com;ZN2vw
68;Luigi;Cesaro;CesaroLuigi@gmail.com;tG4gU
69;Lello;Ciampolillo;CiampolilloLello@gmail.com;LCPPQ
70;Andrea;Cioffi;CioffiAndrea@gmail.com;702qv
71;Luca;Ciriani;CirianiLuca@gmail.com;H3jet
72;Monica;Cirinna';Cirinna'Monica@gmail.com;z13Ye
73;Stefano;Collina;CollinaStefano@gmail.com;K2XE9
74;Mauro;Coltorti;ColtortiMauro@gmail.com;QNT1A
75;Eugenio;Comincini;CominciniEugenio@gmail.com;TjHa2
76;Donatella;Conzatti;ConzattiDonatella@gmail.com;cXMrJ
77;Gianmarco;Corbetta;CorbettaGianmarco@gmail.com;usxcI
78;Margherita;Corrado;CorradoMargherita@gmail.com;Wlhjr
79;Stefano;Corti;CortiStefano@gmail.com;XHPDH
80;Stefania Gabriella Anastasia;Craxi;CraxiStefaniaGabriellaAnastasia@gmail.com;hBHog
81;Vito Claudio;Crimi;CrimiVitoClaudio@gmail.com;MOo9e
82;Marco;Croatti;CroattiMarco@gmail.com;awK0K
83;Mattia;Crucioli;CrucioliMattia@gmail.com;qyX1G
84;Giuseppe Luigi Salvatore;Cucca;CuccaGiuseppeLuigiSalvatore@gmail.com;fIWGa
85;Luciano;D'Alfonso;D'AlfonsoLuciano@gmail.com;rqD95
86;Grazia;D'Angelo;D'AngeloGrazia@gmail.com;ZPyle
87;Vincenzo;D'Arienzo;D'ArienzoVincenzo@gmail.com;rzNyZ
88;Franco;Dal Mas;DalMasFranco@gmail.com;zPcfH
89;Dario;Damiani;DamianiDario@gmail.com;ptL5j
90;Saverio;De Bonis;DeBonisSaverio@gmail.com;TuY2X
91;Luca;De Carlo;DeCarloLuca@gmail.com;5GY62
92;Gregorio;De Falco;DeFalcoGregorio@gmail.com;O1cDX
93;Danila;De Lucia;DeLuciaDanila@gmail.com;36CHR
94;Loredana;De Petris;DePetrisLoredana@gmail.com;U5xkD
95;Antonio;De Poli;DePoliAntonio@gmail.com;SNhAt
96;Domenico;De Siano;DeSianoDomenico@gmail.com;JmBv2
97;William;De Vecchis;DeVecchisWilliam@gmail.com;vbTB6
98;Gianmauro;Dell'Olio;Dell'OlioGianmauro@gmail.com;NhnLR
99;Emanuele;Dessi';Dessi'Emanuele@gmail.com;KCvuj
100;Gabriella;Di Girolamo;DiGirolamoGabriella@gmail.com;3ocWC
101;Luigi;Di Marzio;DiMarzioLuigi@gmail.com;hwAUU
102;Fabio;Di Micco;DiMiccoFabio@gmail.com;bMaIs
103;Primo;Di Nicola;DiNicolaPrimo@gmail.com;VBAtR
104;Stanislao;Di Piazza;DiPiazzaStanislao@gmail.com;49Bxe
105;Daniela;Donno;DonnoDaniela@gmail.com;QthU3
106;Carlo;Doria;DoriaCarlo@gmail.com;Caatv
107;Tiziana Carmela Rosaria;Drago;DragoTizianaCarmelaRosaria@gmail.com;RCKSH
108;Meinhard;Durnwalder;DurnwalderMeinhard@gmail.com;50mDy
109;Giovanni;Endrizzi;EndrizziGiovanni@gmail.com;4FRq7
110;Vasco;Errani;ErraniVasco@gmail.com;SsblR
111;Elvira Lucia;Evangelista;EvangelistaElviraLucia@gmail.com;FM54X
112;Antonella;Faggi;FaggiAntonella@gmail.com;xvCTS
113;Raffaele;Fantetti;FantettiRaffaele@gmail.com;fW3Im
114;Davide;Faraone;FaraoneDavide@gmail.com;qa5Ha
115;Elena;Fattori;FattoriElena@gmail.com;TgdEC
116;Giovanbattista;Fazzolari;FazzolariGiovanbattista@gmail.com;n7z8s
117;Claudio;Fazzone;FazzoneClaudio@gmail.com;ZFdgI
118;Giorgio;Fede;FedeGiorgio@gmail.com;W7vcS
119;Valeria;Fedeli;FedeliValeria@gmail.com;btnea
120;Emiliano;Fenu;FenuEmiliano@gmail.com;q2i0x
121;Gianluca;Ferrara;FerraraGianluca@gmail.com;kQvME
122;Alan;Ferrari;FerrariAlan@gmail.com;UeUiP
123;Andrea;Ferrazzi;FerrazziAndrea@gmail.com;hVOQj
124;Roberta;Ferrero;FerreroRoberta@gmail.com;Q1jdY
125;Massimo;Ferro;FerroMassimo@gmail.com;xQ8i3
126;Barbara;Floridia;FloridiaBarbara@gmail.com;UfUbH
127;Emilio;Floris;FlorisEmilio@gmail.com;abfSz
128;Sonia;Fregolent;FregolentSonia@gmail.com;f5Kua
129;Umberto;Fusco;FuscoUmberto@gmail.com;Un5Yk
130;Adriano;Galliani;GallianiAdriano@gmail.com;E83dd
131;Agnese;Gallicchio;GallicchioAgnese@gmail.com;5K0Sj
132;Maria Alessandra;Gallone;GalloneMariaAlessandra@gmail.com;85BIH
133;Laura;Garavini;GaraviniLaura@gmail.com;05Di3
134;Daniela;Garnero Santanche';GarneroSantanche'Daniela@gmail.com;yulDf
135;Vincenzo;Garruti;GarrutiVincenzo@gmail.com;TrLQU
136;Maurizio;Gasparri;GasparriMaurizio@gmail.com;cyehZ
137;Felicia;Gaudiano;GaudianoFelicia@gmail.com;IRGwZ
138;Niccolo';Ghedini;GhediniNiccolo'@gmail.com;T9KfG
139;Francesco;Giacobbe;GiacobbeFrancesco@gmail.com;BjSLc
140;Gabriella;Giammanco;GiammancoGabriella@gmail.com;qCvb3
141;Silvana;Giannuzzi;GiannuzziSilvana@gmail.com;oXqGA
142;Mario Michele;Giarrusso;GiarrussoMarioMichele@gmail.com;uX0dp
143;Nadia;Ginetti;GinettiNadia@gmail.com;KGjWE
144;Francesco Maria;Giro;GiroFrancescoMaria@gmail.com;rnSOG
145;Gianni Pietro;Girotto;GirottoGianniPietro@gmail.com;KQxCK
146;Bianca Laura;Granato;GranatoBiancaLaura@gmail.com;0nAq8
147;Ugo;Grassi;GrassiUgo@gmail.com;fWZhy
148;Pietro;Grasso;GrassoPietro@gmail.com;QkXzk
149;Leonardo;Grimani;GrimaniLeonardo@gmail.com;qFHeW
150;Barbara;Guidolin;GuidolinBarbara@gmail.com;Rk7Pz
151;Antonio;Iannone;IannoneAntonio@gmail.com;1mkuY
152;Vanna;Iori;IoriVanna@gmail.com;qsp5A
153;Tony Chike;Iwobi;IwobiTonyChike@gmail.com;Rw8zI
154;Patty;L'Abbate;L'AbbatePatty@gmail.com;FwHVd
155;Virginia;La Mura;LaMuraVirginia@gmail.com;WxNDP
156;Patrizio Giacomo;La Pietra;LaPietraPatrizioGiacomo@gmail.com;7iYtB
157;Ignazio;La Russa;LaRussaIgnazio@gmail.com;EZ5Ja
158;Francesco;Laforgia;LaforgiaFrancesco@gmail.com;8OtEU
159;Albert;Laniece;LanieceAlbert@gmail.com;hT6bp
160;Elio;Lannutti;LannuttiElio@gmail.com;bpShV
161;Gabriele;Lanzi;LanziGabriele@gmail.com;SNWOv
162;Mauro Antonio Donato;Laus;LausMauroAntonioDonato@gmail.com;6gkco
163;Cinzia;Leone;LeoneCinzia@gmail.com;NDOeI
164;Barbara;Lezzi;LezziBarbara@gmail.com;yhRom
165;Ettore Antonio;Licheri;LicheriEttoreAntonio@gmail.com;lG3KK
166;Arnaldo;Lomuti;LomutiArnaldo@gmail.com;qEJLx
167;Alessandrina;Lonardo;LonardoAlessandrina@gmail.com;7zKuj
168;Pietro;Lorefice;LoreficePietro@gmail.com;s3vPw
169;Stefano;Lucidi;LucidiStefano@gmail.com;zEecS
170;Michelina;Lunesu;LunesuMichelina@gmail.com;nYhnM
171;Giulia;Lupo;LupoGiulia@gmail.com;uJNYF
172;Gianpietro;Maffoni;MaffoniGianpietro@gmail.com;S7wIq
173;Ernesto;Magorno;MagornoErnesto@gmail.com;gxfku
174;Alessandra;Maiorino;MaiorinoAlessandra@gmail.com;L6bsP
175;Lucio;Malan;MalanLucio@gmail.com;fU5SA
176;Massimo;Mallegni;MallegniMassimo@gmail.com;XPAwj
177;Simona Flavia;Malpezzi;MalpezziSimonaFlavia@gmail.com;luNcf
178;Daniele;Manca;MancaDaniele@gmail.com;Tn58F
179;Giuseppe Tommaso Vincenzo;Mangialavori;MangialavoriGiuseppeTommasoVincenzo@gmail.com;HY6KF
180;Matteo;Mantero;ManteroMatteo@gmail.com;hnOaE
181;Maria Laura;Mantovani;MantovaniMariaLaura@gmail.com;IZE9t
182;Andrea;Marcucci;MarcucciAndrea@gmail.com;ItqHm
183;Salvatore;Margiotta;MargiottaSalvatore@gmail.com;J7fPH
184;Gianni;Marilotti;MarilottiGianni@gmail.com;HOsCo
185;Raffaella Fiormaria;Marin;MarinRaffaellaFiormaria@gmail.com;k4fgn
186;Gaspare Antonio;Marinello;MarinelloGaspareAntonio@gmail.com;RiFCZ
187;Mauro Maria;Marino;MarinoMauroMaria@gmail.com;iYEEL
188;Carlo;Martelli;MartelliCarlo@gmail.com;ylI2k
189;Roberto;Marti;MartiRoberto@gmail.com;ux8dE
190;Barbara;Masini;MasiniBarbara@gmail.com;4lQsD
191;Susy;Matrisciano;MatriscianoSusy@gmail.com;WRFTM
192;Raffaele;Mautone;MautoneRaffaele@gmail.com;JmVSK
193;Ricardo Antonio;Merlo;MerloRicardoAntonio@gmail.com;GXSei
194;Alfredo;Messina;MessinaAlfredo@gmail.com;mttLB
195;Assuntela;Messina;MessinaAssuntela@gmail.com;ejt02
196;Cataldo;Mininno;MininnoCataldo@gmail.com;uxQoM
197;Anna Carmela;Minuto;MinutoAnnaCarmela@gmail.com;tt6CZ
198;Franco;Mirabelli;MirabelliFranco@gmail.com;kdgfN
199;Antonio;Misiani;MisianiAntonio@gmail.com;utDv9
200;Fiammetta;Modena;ModenaFiammetta@gmail.com;VfrTf
201;Giuseppe;Moles;MolesGiuseppe@gmail.com;7pFhs
202;Francesco;Mollame;MollameFrancesco@gmail.com;qnoTd
203;Enrico;Montani;MontaniEnrico@gmail.com;0CWoZ
204;Michela;Montevecchi;MontevecchiMichela@gmail.com;qmTZf
205;Mario;Monti;MontiMario@gmail.com;wsEI8
206;Vilma;Moronese;MoroneseVilma@gmail.com;sBT6N
207;Nicola;Morra;MorraNicola@gmail.com;HtXsj
208;Tommaso;Nannicini;NanniciniTommaso@gmail.com;VPLW9
209;Giorgio;Napolitano;NapolitanoGiorgio@gmail.com;gw3ip
210;Gaetano;Nastri;NastriGaetano@gmail.com;ddudq
211;Gisella;Naturale;NaturaleGisella@gmail.com;eggJk
212;Riccardo;Nencini;NenciniRiccardo@gmail.com;LsPZ7
213;Tiziana;Nisini;NisiniTiziana@gmail.com;RLKJc
214;Simona Nunzia;Nocerino;NocerinoSimonaNunzia@gmail.com;GDO23
215;Paola;Nugnes;NugnesPaola@gmail.com;dgCQy
216;Fabrizio;Ortis;OrtisFabrizio@gmail.com;B1tq3
217;Andrea;Ostellari;OstellariAndrea@gmail.com;0lSIy
218;Marinella;Pacifico;PacificoMarinella@gmail.com;Nq98Q
219;Nazario;Pagano;PaganoNazario@gmail.com;Gr9ZL
220;Urania Giulia Rosina;Papatheu;PapatheuUraniaGiuliaRosina@gmail.com;DXOh7
221;Gianluigi;Paragone;ParagoneGianluigi@gmail.com;tRlnq
222;Annamaria;Parente;ParenteAnnamaria@gmail.com;92TYx
223;Adriano;Paroli;ParoliAdriano@gmail.com;3rEdG
224;Dario;Parrini;ParriniDario@gmail.com;Em40u
225;Stefano;Patuanelli;PatuanelliStefano@gmail.com;2gB4w
226;Emma;Pavanelli;PavanelliEmma@gmail.com;GoJDo
227;Giuliano;Pazzaglini;PazzagliniGiuliano@gmail.com;O2yVU
228;Emanuele;Pellegrini;PellegriniEmanuele@gmail.com;9C7GN
229;Marco;Pellegrini;PellegriniMarco@gmail.com;YC9ic
230;Pasquale;Pepe;PepePasquale@gmail.com;lNXO1
231;Simona;Pergreffi;PergreffiSimona@gmail.com;vnvuj
232;Gianluca;Perilli;PerilliGianluca@gmail.com;oddnO
233;Marco;Perosino;PerosinoMarco@gmail.com;Q0CE3
234;Daniele;Pesco;PescoDaniele@gmail.com;KcNsz
235;Giovanna;Petrenga;PetrengaGiovanna@gmail.com;IudYI
236;Vito Rosario;Petrocelli;PetrocelliVitoRosario@gmail.com;1i8xI
237;Cesare;Pianasso;PianassoCesare@gmail.com;VfRzV
238;Renzo;Piano;PianoRenzo@gmail.com;f7EaG
239;Angela Anna Bruna;Piarulli;PiarulliAngelaAnnaBruna@gmail.com;KvPKX
240;Gilberto;Pichetto Fratin;PichettoFratinGilberto@gmail.com;ah2VY
241;Simone;Pillon;PillonSimone@gmail.com;c9qfP
242;Roberta;Pinotti;PinottiRoberta@gmail.com;EwxND
243;Daisy;Pirovano;PirovanoDaisy@gmail.com;2UXz0
244;Elisa;Pirro;PirroElisa@gmail.com;AdxCG
245;Pietro;Pisani;PisaniPietro@gmail.com;bxdhY
246;Giuseppe;Pisani;PisaniGiuseppe@gmail.com;jg8Ah
247;Gianni;Pittella;PittellaGianni@gmail.com;oTS3v
248;Mario;Pittoni;PittoniMario@gmail.com;gsqx9
249;Nadia;Pizzol;PizzolNadia@gmail.com;diCQy
250;Vincenzo;Presutto;PresuttoVincenzo@gmail.com;aZP6P
251;Stefania;Pucciarelli;PucciarelliStefania@gmail.com;JGnbQ
252;Sergio;Puglia;PugliaSergio@gmail.com;xG195
253;Gaetano;Quagliariello;QuagliarielloGaetano@gmail.com;wwJdo
254;Ruggiero;Quarto;QuartoRuggiero@gmail.com;59t0R
255;Roberto;Rampi;RampiRoberto@gmail.com;L5YSq
256;Isabella;Rauti;RautiIsabella@gmail.com;A1LG7
257;Matteo;Renzi;RenziMatteo@gmail.com;CFJGo
258;Alessandra;Riccardi;RiccardiAlessandra@gmail.com;dKfIs
259;Sabrina;Ricciardi;RicciardiSabrina@gmail.com;08OdT
260;Matteo;Richetti;RichettiMatteo@gmail.com;ycnbs
261;Paolo;Ripamonti;RipamontiPaolo@gmail.com;hyg0B
262;Erica;Rivolta;RivoltaErica@gmail.com;RVPiA
263;Maria;Rizzotti;RizzottiMaria@gmail.com;BcPPa
264;Tatjana;Rojc;RojcTatjana@gmail.com;l2lZD
265;Sergio;Romagnoli;RomagnoliSergio@gmail.com;SbceI
266;Paolo;Romani;RomaniPaolo@gmail.com;LaErL
267;Iunio Valerio;Romano;RomanoIunioValerio@gmail.com;LIJVp
268;Massimiliano;Romeo;RomeoMassimiliano@gmail.com;n84eR
269;Licia;Ronzulli;RonzulliLicia@gmail.com;xzx7W
270;Mariarosaria;Rossi;RossiMariarosaria@gmail.com;YVd2o
271;Anna;Rossomando;RossomandoAnna@gmail.com;qVC9q
272;Carlo;Rubbia;RubbiaCarlo@gmail.com;DRxFM
273;Gianfranco;Rufa;RufaGianfranco@gmail.com;7GpuT
274;Sandro;Ruotolo;RuotoloSandro@gmail.com;S4H6l
275;Massimo;Ruspandini;RuspandiniMassimo@gmail.com;bw5kO
276;Loredana;Russo;RussoLoredana@gmail.com;qETxi
277;Antonio;Saccone;SacconeAntonio@gmail.com;c0EP9
278;Matteo;Salvini;SalviniMatteo@gmail.com;MmytY
279;Vincenzo;Santangelo;SantangeloVincenzo@gmail.com;YGnQ2
280;Agostino;Santillo;SantilloAgostino@gmail.com;fJuHx
281;Maria;Saponara;SaponaraMaria@gmail.com;HVKpo
282;Paolo;Saviane;SavianePaolo@gmail.com;LUhDv
283;Rosellina;Sbrana;SbranaRosellina@gmail.com;DLko9
284;Daniela;Sbrollini;SbrolliniDaniela@gmail.com;wpuyV
285;Renato;Schifani;SchifaniRenato@gmail.com;cxCNB
286;Salvatore;Sciascia;SciasciaSalvatore@gmail.com;M5uYy
287;Liliana;Segre;SegreLiliana@gmail.com;5JzIm
288;Giancarlo;Serafini;SerafiniGiancarlo@gmail.com;SRwt3
289;Marco;Siclari;SiclariMarco@gmail.com;mYF4J
290;Pierpaolo;Sileri;SileriPierpaolo@gmail.com;2gEiX
291;Armando;Siri;SiriArmando@gmail.com;GvLsg
292;Laura;Stabile;StabileLaura@gmail.com;gUsUz
293;Erika;Stefani;StefaniErika@gmail.com;71Qs9
294;Dario;Stefano;StefanoDario@gmail.com;QQjWg
295;Dieter;Steger;StegerDieter@gmail.com;IX3IK
296;Valeria;Sudano;SudanoValeria@gmail.com;RpwLy
297;Mino;Taricco;TariccoMino@gmail.com;BpoZ4
298;Paola;Taverna;TavernaPaola@gmail.com;Hsijv
299;Elena;Testor;TestorElena@gmail.com;w4m4z
300;Maria Virginia;Tiraboschi;TiraboschiMariaVirginia@gmail.com;RGqiE
301;Roberta;Toffanin;ToffaninRoberta@gmail.com;nm31x
302;Danilo;Toninelli;ToninelliDanilo@gmail.com;bEKQP
303;Paolo;Tosato;TosatoPaolo@gmail.com;dUgV8
304;Achille;Totaro;TotaroAchille@gmail.com;UdNw3
305;Fabrizio;Trentacoste;TrentacosteFabrizio@gmail.com;fw8fM
306;Mario;Turco;TurcoMario@gmail.com;3P7Ap
307;Julia;Unterberger;UnterbergerJulia@gmail.com;WuYWC
308;Francesco;Urraro;UrraroFrancesco@gmail.com;cP4mn
309;Adolfo;Urso;UrsoAdolfo@gmail.com;r50ae
310;Sergio;Vaccaro;VaccaroSergio@gmail.com;fgGXt
311;Valeria;Valente;ValenteValeria@gmail.com;PaVvl
312;Gianpaolo;Vallardi;VallardiGianpaolo@gmail.com;5hMH1
313;Orietta;Vanin;VaninOrietta@gmail.com;kTmwf
314;Vito;Vattuone;VattuoneVito@gmail.com;EX8VT
315;Francesco;Verducci;VerducciFrancesco@gmail.com;D7SYg
316;Manuel;Vescovi;VescoviManuel@gmail.com;vsCX7
317;Luigi;Vitali;VitaliLuigi@gmail.com;7tMQ9
318;Gelsomina;Vono;VonoGelsomina@gmail.com;QLayR
319;Francesco;Zaffini;ZaffiniFrancesco@gmail.com;pAaWo
320;Luigi;Zanda;ZandaLuigi@gmail.com;UV1tC
321;Cristiano;Zuliani;ZulianiCristiano@gmail.com;07DwH
322;Andrea;De Bertoldi;DeBertoldiAndrea@gmail.com;EB3p